file_name,class,width,height,aspect_ratio,file_size_kb,mean_intensity,std_intensity,skewness,kurtosis,entropy,edge_density,laplacian_var,mean_r,mean_g,mean_b,error
DPP0012.TIF,Canon_60D,480.0,270.0,1.778,238.72,115.127,52.972,-0.336,-1.033,5.191,0.141,749.145,116.62,114.28,115.64,
DPP0012_mask.PNG,Canon_60D,,,,,,,,,,,,,,,"OpenCV(4.11.0) :-1: error: (-5:Bad argument) in function 'cvtColor'
> Overload resolution failed:
>  - src data type = bool is not supported
>  - Expected Ptr<cv::UMat> for argument 'src'
"
DPP0022.TIF,Canon_60D,480.0,270.0,1.778,196.99,110.162,29.505,-1.342,0.874,4.25,0.034,54.315,131.09,101.02,102.3,
DPP0022_mask.PNG,Canon_60D,,,,,,,,,,,,,,,"OpenCV(4.11.0) :-1: error: (-5:Bad argument) in function 'cvtColor'
> Overload resolution failed:
>  - src data type = bool is not supported
>  - Expected Ptr<cv::UMat> for argument 'src'
"
DPP0033.TIF,Canon_60D,480.0,270.0,1.778,263.56,108.92,44.39,0.184,-0.999,5.079,0.164,874.616,107.8,109.96,106.54,
DPP0033_mask.PNG,Canon_60D,,,,,,,,,,,,,,,"OpenCV(4.11.0) :-1: error: (-5:Bad argument) in function 'cvtColor'
> Overload resolution failed:
>  - src data type = bool is not supported
>  - Expected Ptr<cv::UMat> for argument 'src'
"
DPP0086.TIF,Canon_60D,480.0,270.0,1.778,241.16,132.575,61.182,0.376,-0.969,5.248,0.132,868.12,133.82,133.22,126.01,
DPP0086_mask.PNG,Canon_60D,,,,,,,,,,,,,,,"OpenCV(4.11.0) :-1: error: (-5:Bad argument) in function 'cvtColor'
> Overload resolution failed:
>  - src data type = bool is not supported
>  - Expected Ptr<cv::UMat> for argument 'src'
"
DPP0093.TIF,Canon_60D,480.0,270.0,1.778,239.85,126.647,35.487,-0.21,-1.051,4.758,0.079,406.519,127.84,128.06,116.2,
DPP0093_mask.PNG,Canon_60D,,,,,,,,,,,,,,,"OpenCV(4.11.0) :-1: error: (-5:Bad argument) in function 'cvtColor'
> Overload resolution failed:
>  - src data type = bool is not supported
>  - Expected Ptr<cv::UMat> for argument 'src'
"
DPP0100.TIF,Canon_60D,480.0,270.0,1.778,220.54,119.587,41.133,0.303,-0.586,5.002,0.075,473.341,117.98,121.5,113.97,
DPP0100_mask.PNG,Canon_60D,,,,,,,,,,,,,,,"OpenCV(4.11.0) :-1: error: (-5:Bad argument) in function 'cvtColor'
> Overload resolution failed:
>  - src data type = bool is not supported
>  - Expected Ptr<cv::UMat> for argument 'src'
"
DPP0122.TIF,Canon_60D,480.0,270.0,1.778,340.68,114.071,59.555,0.315,-1.197,5.298,0.209,1697.103,116.6,117.16,91.5,
DPP0122_mask.PNG,Canon_60D,,,,,,,,,,,,,,,"OpenCV(4.11.0) :-1: error: (-5:Bad argument) in function 'cvtColor'
> Overload resolution failed:
>  - src data type = bool is not supported
>  - Expected Ptr<cv::UMat> for argument 'src'
"
DPP0173.TIF,Canon_60D,480.0,270.0,1.778,236.45,118.139,51.965,0.237,-1.372,5.048,0.093,568.06,116.44,120.69,109.57,
DPP0173_mask.PNG,Canon_60D,,,,,,,,,,,,,,,"OpenCV(4.11.0) :-1: error: (-5:Bad argument) in function 'cvtColor'
> Overload resolution failed:
>  - src data type = bool is not supported
>  - Expected Ptr<cv::UMat> for argument 'src'
"
DPP0183.TIF,Canon_60D,480.0,270.0,1.778,319.28,123.994,47.137,0.123,-0.275,5.222,0.17,1078.92,120.8,127.75,113.01,
DPP0183_mask.PNG,Canon_60D,,,,,,,,,,,,,,,"OpenCV(4.11.0) :-1: error: (-5:Bad argument) in function 'cvtColor'
> Overload resolution failed:
>  - src data type = bool is not supported
>  - Expected Ptr<cv::UMat> for argument 'src'
"
DPP0219.TIF,Canon_60D,480.0,270.0,1.778,290.93,118.269,51.41,0.232,-1.345,5.11,0.12,694.125,114.22,122.59,106.66,
DPP0219_mask.PNG,Canon_60D,,,,,,,,,,,,,,,"OpenCV(4.11.0) :-1: error: (-5:Bad argument) in function 'cvtColor'
> Overload resolution failed:
>  - src data type = bool is not supported
>  - Expected Ptr<cv::UMat> for argument 'src'
"
DPP0243.TIF,Canon_60D,480.0,270.0,1.778,239.42,144.97,47.701,-0.383,-1.012,5.123,0.118,758.042,140.67,145.85,151.66,
DPP0243_mask.PNG,Canon_60D,,,,,,,,,,,,,,,"OpenCV(4.11.0) :-1: error: (-5:Bad argument) in function 'cvtColor'
> Overload resolution failed:
>  - src data type = bool is not supported
>  - Expected Ptr<cv::UMat> for argument 'src'
"
DPP0251.TIF,Canon_60D,480.0,270.0,1.778,261.04,106.876,47.146,1.336,1.939,4.935,0.095,552.086,108.43,109.04,91.69,
DPP0251_mask.PNG,Canon_60D,,,,,,,,,,,,,,,"OpenCV(4.11.0) :-1: error: (-5:Bad argument) in function 'cvtColor'
> Overload resolution failed:
>  - src data type = bool is not supported
>  - Expected Ptr<cv::UMat> for argument 'src'
"
DPP0308.TIF,Canon_60D,480.0,270.0,1.778,227.03,121.495,51.526,0.917,-0.246,5.025,0.067,527.017,120.93,124.6,106.96,
DPP0308_mask.PNG,Canon_60D,,,,,,,,,,,,,,,"OpenCV(4.11.0) :-1: error: (-5:Bad argument) in function 'cvtColor'
> Overload resolution failed:
>  - src data type = bool is not supported
>  - Expected Ptr<cv::UMat> for argument 'src'
"
DPP0331.TIF,Canon_60D,480.0,270.0,1.778,305.93,134.99,60.894,0.556,-0.561,5.205,0.183,1981.782,131.49,138.37,126.78,
DPP0331_mask.PNG,Canon_60D,,,,,,,,,,,,,,,"OpenCV(4.11.0) :-1: error: (-5:Bad argument) in function 'cvtColor'
> Overload resolution failed:
>  - src data type = bool is not supported
>  - Expected Ptr<cv::UMat> for argument 'src'
"
DPP0340.TIF,Canon_60D,480.0,270.0,1.778,233.24,121.971,25.977,-0.959,2.796,4.452,0.056,462.454,127.61,121.89,107.51,
DPP0340_mask.PNG,Canon_60D,,,,,,,,,,,,,,,"OpenCV(4.11.0) :-1: error: (-5:Bad argument) in function 'cvtColor'
> Overload resolution failed:
>  - src data type = bool is not supported
>  - Expected Ptr<cv::UMat> for argument 'src'
"
DPP0405.TIF,Canon_60D,480.0,270.0,1.778,260.1,110.151,46.034,-0.099,-1.166,5.023,0.159,945.806,111.62,110.6,104.0,
DPP0405_mask.PNG,Canon_60D,,,,,,,,,,,,,,,"OpenCV(4.11.0) :-1: error: (-5:Bad argument) in function 'cvtColor'
> Overload resolution failed:
>  - src data type = bool is not supported
>  - Expected Ptr<cv::UMat> for argument 'src'
"
DPP0445.TIF,Canon_60D,480.0,270.0,1.778,356.18,148.624,48.143,-0.11,-0.669,5.259,0.24,2239.177,152.01,154.96,107.14,
DPP0445_mask.PNG,Canon_60D,,,,,,,,,,,,,,,"OpenCV(4.11.0) :-1: error: (-5:Bad argument) in function 'cvtColor'
> Overload resolution failed:
>  - src data type = bool is not supported
>  - Expected Ptr<cv::UMat> for argument 'src'
"
DPP0454.TIF,Canon_60D,480.0,270.0,1.778,289.93,112.0,58.953,0.175,-0.659,5.23,0.17,1525.255,114.99,113.33,97.27,
DPP0454_mask.PNG,Canon_60D,,,,,,,,,,,,,,,"OpenCV(4.11.0) :-1: error: (-5:Bad argument) in function 'cvtColor'
> Overload resolution failed:
>  - src data type = bool is not supported
>  - Expected Ptr<cv::UMat> for argument 'src'
"
DPP0478.TIF,Canon_60D,480.0,270.0,1.778,317.25,112.934,47.332,-0.104,-0.903,5.21,0.175,1126.107,109.02,117.17,101.41,
DPP0478_mask.PNG,Canon_60D,,,,,,,,,,,,,,,"OpenCV(4.11.0) :-1: error: (-5:Bad argument) in function 'cvtColor'
> Overload resolution failed:
>  - src data type = bool is not supported
>  - Expected Ptr<cv::UMat> for argument 'src'
"
DPP0519.TIF,Canon_60D,480.0,270.0,1.778,338.64,118.662,47.338,0.472,-0.248,5.214,0.193,927.623,115.69,124.17,98.08,
DPP0519_mask.PNG,Canon_60D,,,,,,,,,,,,,,,"OpenCV(4.11.0) :-1: error: (-5:Bad argument) in function 'cvtColor'
> Overload resolution failed:
>  - src data type = bool is not supported
>  - Expected Ptr<cv::UMat> for argument 'src'
"
DPP0526.TIF,Canon_60D,480.0,270.0,1.778,296.3,106.353,37.233,0.657,0.647,4.995,0.127,548.67,102.83,113.94,76.53,
DPP0526_mask.PNG,Canon_60D,,,,,,,,,,,,,,,"OpenCV(4.11.0) :-1: error: (-5:Bad argument) in function 'cvtColor'
> Overload resolution failed:
>  - src data type = bool is not supported
>  - Expected Ptr<cv::UMat> for argument 'src'
"
DPP0549.TIF,Canon_60D,480.0,270.0,1.778,260.49,126.403,59.38,-0.075,-1.438,5.21,0.117,712.551,130.85,127.01,111.58,
DPP0549_mask.PNG,Canon_60D,,,,,,,,,,,,,,,"OpenCV(4.11.0) :-1: error: (-5:Bad argument) in function 'cvtColor'
> Overload resolution failed:
>  - src data type = bool is not supported
>  - Expected Ptr<cv::UMat> for argument 'src'
"
DPP0550.TIF,Canon_60D,480.0,270.0,1.778,290.38,120.53,54.532,0.355,-1.14,5.21,0.159,1281.549,122.96,121.75,107.87,
DPP0550_mask.PNG,Canon_60D,,,,,,,,,,,,,,,"OpenCV(4.11.0) :-1: error: (-5:Bad argument) in function 'cvtColor'
> Overload resolution failed:
>  - src data type = bool is not supported
>  - Expected Ptr<cv::UMat> for argument 'src'
"
DPP0581.TIF,Canon_60D,480.0,270.0,1.778,240.66,126.054,46.16,0.457,-0.714,5.106,0.14,1347.607,126.82,128.39,111.99,
DPP0581_mask.PNG,Canon_60D,,,,,,,,,,,,,,,"OpenCV(4.11.0) :-1: error: (-5:Bad argument) in function 'cvtColor'
> Overload resolution failed:
>  - src data type = bool is not supported
>  - Expected Ptr<cv::UMat> for argument 'src'
"
DPP0602.TIF,Canon_60D,480.0,270.0,1.778,250.92,123.881,61.234,0.656,-0.44,5.134,0.122,722.834,123.28,125.76,115.73,
DPP0602_mask.PNG,Canon_60D,,,,,,,,,,,,,,,"OpenCV(4.11.0) :-1: error: (-5:Bad argument) in function 'cvtColor'
> Overload resolution failed:
>  - src data type = bool is not supported
>  - Expected Ptr<cv::UMat> for argument 'src'
"
DPP0622.TIF,Canon_60D,480.0,270.0,1.778,295.72,143.464,62.074,-0.136,-1.038,5.411,0.158,1293.856,145.27,145.06,130.46,
DPP0622_mask.PNG,Canon_60D,,,,,,,,,,,,,,,"OpenCV(4.11.0) :-1: error: (-5:Bad argument) in function 'cvtColor'
> Overload resolution failed:
>  - src data type = bool is not supported
>  - Expected Ptr<cv::UMat> for argument 'src'
"
DPP0638.TIF,Canon_60D,480.0,270.0,1.778,337.31,95.184,44.991,1.362,1.697,4.975,0.181,1532.087,92.12,98.94,83.89,
DPP0638_mask.PNG,Canon_60D,,,,,,,,,,,,,,,"OpenCV(4.11.0) :-1: error: (-5:Bad argument) in function 'cvtColor'
> Overload resolution failed:
>  - src data type = bool is not supported
>  - Expected Ptr<cv::UMat> for argument 'src'
"
r0d8d62edt.TIF,Nikon_D7000,480.0,270.0,1.778,204.66,137.208,66.337,0.269,-1.169,5.242,0.026,133.664,136.16,149.38,77.33,
r0d8d62edt_mask.PNG,Nikon_D7000,,,,,,,,,,,,,,,"OpenCV(4.11.0) :-1: error: (-5:Bad argument) in function 'cvtColor'
> Overload resolution failed:
>  - src data type = bool is not supported
>  - Expected Ptr<cv::UMat> for argument 'src'
"
r0e661e0dt.TIF,Nikon_D7000,480.0,270.0,1.778,249.63,129.309,89.508,-0.013,-1.685,5.159,0.084,704.71,133.08,131.29,109.2,
r0e661e0dt_mask.PNG,Nikon_D7000,,,,,,,,,,,,,,,"OpenCV(4.11.0) :-1: error: (-5:Bad argument) in function 'cvtColor'
> Overload resolution failed:
>  - src data type = bool is not supported
>  - Expected Ptr<cv::UMat> for argument 'src'
"
r1d679eaet.TIF,Nikon_D7000,480.0,270.0,1.778,273.48,149.271,37.34,-1.242,1.929,4.88,0.073,679.131,181.25,140.66,109.77,
r1d679eaet_mask.PNG,Nikon_D7000,,,,,,,,,,,,,,,"OpenCV(4.11.0) :-1: error: (-5:Bad argument) in function 'cvtColor'
> Overload resolution failed:
>  - src data type = bool is not supported
>  - Expected Ptr<cv::UMat> for argument 'src'
"
r2410fbc3t.TIF,Nikon_D7000,480.0,270.0,1.778,100.55,205.605,37.647,-1.318,0.491,3.674,0.022,108.595,204.56,209.25,189.42,
r2410fbc3t_mask.PNG,Nikon_D7000,,,,,,,,,,,,,,,"OpenCV(4.11.0) :-1: error: (-5:Bad argument) in function 'cvtColor'
> Overload resolution failed:
>  - src data type = bool is not supported
>  - Expected Ptr<cv::UMat> for argument 'src'
"
r2db3db79t.TIF,Nikon_D7000,480.0,270.0,1.778,268.51,122.384,73.771,-0.039,-1.453,5.19,0.136,1013.504,129.27,122.41,104.27,
r2db3db79t_mask.PNG,Nikon_D7000,,,,,,,,,,,,,,,"OpenCV(4.11.0) :-1: error: (-5:Bad argument) in function 'cvtColor'
> Overload resolution failed:
>  - src data type = bool is not supported
>  - Expected Ptr<cv::UMat> for argument 'src'
"
r4dbba042t.TIF,Nikon_D7000,480.0,270.0,1.778,261.35,107.402,50.167,0.529,-0.032,5.075,0.098,494.641,106.98,113.56,76.75,
r4dbba042t_mask.PNG,Nikon_D7000,,,,,,,,,,,,,,,"OpenCV(4.11.0) :-1: error: (-5:Bad argument) in function 'cvtColor'
> Overload resolution failed:
>  - src data type = bool is not supported
>  - Expected Ptr<cv::UMat> for argument 'src'
"
r53e0b40ft.TIF,Nikon_D7000,480.0,270.0,1.778,224.16,179.543,48.612,-0.726,-0.789,4.517,0.171,1307.771,174.99,184.29,167.23,
r53e0b40ft_mask.PNG,Nikon_D7000,,,,,,,,,,,,,,,"OpenCV(4.11.0) :-1: error: (-5:Bad argument) in function 'cvtColor'
> Overload resolution failed:
>  - src data type = bool is not supported
>  - Expected Ptr<cv::UMat> for argument 'src'
"
r59f5b042t.TIF,Nikon_D7000,480.0,270.0,1.778,281.17,172.217,29.909,0.176,1.252,4.632,0.068,435.024,180.47,184.54,87.09,
r59f5b042t_mask.PNG,Nikon_D7000,,,,,,,,,,,,,,,"OpenCV(4.11.0) :-1: error: (-5:Bad argument) in function 'cvtColor'
> Overload resolution failed:
>  - src data type = bool is not supported
>  - Expected Ptr<cv::UMat> for argument 'src'
"
r5b31f2bat.TIF,Nikon_D7000,480.0,270.0,1.778,296.79,124.826,56.624,0.41,-0.266,5.267,0.202,1588.819,129.29,127.38,100.0,
r5b31f2bat_mask.PNG,Nikon_D7000,,,,,,,,,,,,,,,"OpenCV(4.11.0) :-1: error: (-5:Bad argument) in function 'cvtColor'
> Overload resolution failed:
>  - src data type = bool is not supported
>  - Expected Ptr<cv::UMat> for argument 'src'
"
r6423cf23t.TIF,Nikon_D7000,480.0,270.0,1.778,289.12,137.899,43.771,-0.821,0.006,4.989,0.184,1491.857,146.19,136.78,121.89,
r6423cf23t_mask.PNG,Nikon_D7000,,,,,,,,,,,,,,,"OpenCV(4.11.0) :-1: error: (-5:Bad argument) in function 'cvtColor'
> Overload resolution failed:
>  - src data type = bool is not supported
>  - Expected Ptr<cv::UMat> for argument 'src'
"
r64abc7bat.TIF,Nikon_D7000,480.0,270.0,1.778,261.07,143.503,61.276,-0.048,-0.962,5.378,0.123,725.078,153.89,143.43,116.6,
r64abc7bat_mask.PNG,Nikon_D7000,,,,,,,,,,,,,,,"OpenCV(4.11.0) :-1: error: (-5:Bad argument) in function 'cvtColor'
> Overload resolution failed:
>  - src data type = bool is not supported
>  - Expected Ptr<cv::UMat> for argument 'src'
"
r64fd9639t.TIF,Nikon_D7000,480.0,270.0,1.778,295.67,109.061,40.23,0.571,-0.168,5.057,0.164,677.698,108.81,119.07,58.17,
r64fd9639t_mask.PNG,Nikon_D7000,,,,,,,,,,,,,,,"OpenCV(4.11.0) :-1: error: (-5:Bad argument) in function 'cvtColor'
> Overload resolution failed:
>  - src data type = bool is not supported
>  - Expected Ptr<cv::UMat> for argument 'src'
"
r6d1a84e7t.TIF,Nikon_D7000,480.0,270.0,1.778,168.46,182.29,50.561,-0.506,-0.669,4.644,0.066,287.599,184.45,185.59,159.63,
r6d1a84e7t_mask.PNG,Nikon_D7000,,,,,,,,,,,,,,,"OpenCV(4.11.0) :-1: error: (-5:Bad argument) in function 'cvtColor'
> Overload resolution failed:
>  - src data type = bool is not supported
>  - Expected Ptr<cv::UMat> for argument 'src'
"
r744b52b9t.TIF,Nikon_D7000,480.0,270.0,1.778,221.21,170.791,62.116,-1.53,0.668,4.221,0.04,362.284,183.08,171.34,135.72,
r744b52b9t_mask.PNG,Nikon_D7000,,,,,,,,,,,,,,,"OpenCV(4.11.0) :-1: error: (-5:Bad argument) in function 'cvtColor'
> Overload resolution failed:
>  - src data type = bool is not supported
>  - Expected Ptr<cv::UMat> for argument 'src'
"
r779134bft.TIF,Nikon_D7000,480.0,270.0,1.778,282.09,151.98,32.558,-0.73,0.782,4.819,0.146,960.086,162.9,150.61,130.42,
r779134bft_mask.PNG,Nikon_D7000,,,,,,,,,,,,,,,"OpenCV(4.11.0) :-1: error: (-5:Bad argument) in function 'cvtColor'
> Overload resolution failed:
>  - src data type = bool is not supported
>  - Expected Ptr<cv::UMat> for argument 'src'
"
r7aca24c9t.TIF,Nikon_D7000,480.0,270.0,1.778,245.38,160.493,57.646,-0.526,-0.764,5.233,0.148,1343.925,157.31,162.68,157.59,
r7aca24c9t_mask.PNG,Nikon_D7000,,,,,,,,,,,,,,,"OpenCV(4.11.0) :-1: error: (-5:Bad argument) in function 'cvtColor'
> Overload resolution failed:
>  - src data type = bool is not supported
>  - Expected Ptr<cv::UMat> for argument 'src'
"
r80d9a021t.TIF,Nikon_D7000,480.0,270.0,1.778,273.72,157.468,30.382,0.109,1.371,4.762,0.2,1125.304,174.93,155.5,121.8,
r80d9a021t_mask.PNG,Nikon_D7000,,,,,,,,,,,,,,,"OpenCV(4.11.0) :-1: error: (-5:Bad argument) in function 'cvtColor'
> Overload resolution failed:
>  - src data type = bool is not supported
>  - Expected Ptr<cv::UMat> for argument 'src'
"
r855ab9bdt.TIF,Nikon_D7000,480.0,270.0,1.778,164.28,179.919,65.526,-1.006,-0.213,5.01,0.066,293.949,178.62,179.24,186.62,
r855ab9bdt_mask.PNG,Nikon_D7000,,,,,,,,,,,,,,,"OpenCV(4.11.0) :-1: error: (-5:Bad argument) in function 'cvtColor'
> Overload resolution failed:
>  - src data type = bool is not supported
>  - Expected Ptr<cv::UMat> for argument 'src'
"
r8d9821cft.TIF,Nikon_D7000,480.0,270.0,1.778,291.35,152.562,66.833,-0.279,-1.057,5.415,0.141,1094.496,169.77,152.22,109.23,
r8d9821cft_mask.PNG,Nikon_D7000,,,,,,,,,,,,,,,"OpenCV(4.11.0) :-1: error: (-5:Bad argument) in function 'cvtColor'
> Overload resolution failed:
>  - src data type = bool is not supported
>  - Expected Ptr<cv::UMat> for argument 'src'
"
r90a6fa0dt.TIF,Nikon_D7000,480.0,270.0,1.778,194.59,86.791,40.461,-0.329,-1.271,4.86,0.016,62.498,138.58,71.7,28.64,
r90a6fa0dt_mask.PNG,Nikon_D7000,,,,,,,,,,,,,,,"OpenCV(4.11.0) :-1: error: (-5:Bad argument) in function 'cvtColor'
> Overload resolution failed:
>  - src data type = bool is not supported
>  - Expected Ptr<cv::UMat> for argument 'src'
"
r92214bb9t.TIF,Nikon_D7000,480.0,270.0,1.778,229.54,130.361,49.744,0.708,-0.184,5.087,0.079,476.425,205.49,101.76,80.57,
r92214bb9t_mask.PNG,Nikon_D7000,,,,,,,,,,,,,,,"OpenCV(4.11.0) :-1: error: (-5:Bad argument) in function 'cvtColor'
> Overload resolution failed:
>  - src data type = bool is not supported
>  - Expected Ptr<cv::UMat> for argument 'src'
"
r95055c12t.TIF,Nikon_D7000,480.0,270.0,1.778,173.88,164.156,67.525,-1.19,-0.102,4.937,0.043,593.278,156.05,169.63,157.2,
r95055c12t_mask.PNG,Nikon_D7000,,,,,,,,,,,,,,,"OpenCV(4.11.0) :-1: error: (-5:Bad argument) in function 'cvtColor'
> Overload resolution failed:
>  - src data type = bool is not supported
>  - Expected Ptr<cv::UMat> for argument 'src'
"
r9dd68cc6t.TIF,Nikon_D7000,480.0,270.0,1.778,305.16,138.538,29.594,-0.129,1.39,4.738,0.102,792.972,157.47,148.05,39.9,
r9dd68cc6t_mask.PNG,Nikon_D7000,,,,,,,,,,,,,,,"OpenCV(4.11.0) :-1: error: (-5:Bad argument) in function 'cvtColor'
> Overload resolution failed:
>  - src data type = bool is not supported
>  - Expected Ptr<cv::UMat> for argument 'src'
"
ra2feaee3t.TIF,Nikon_D7000,480.0,270.0,1.778,265.56,135.005,72.064,-0.056,-1.311,5.45,0.208,3158.214,133.86,135.4,136.02,
ra2feaee3t_mask.PNG,Nikon_D7000,,,,,,,,,,,,,,,"OpenCV(4.11.0) :-1: error: (-5:Bad argument) in function 'cvtColor'
> Overload resolution failed:
>  - src data type = bool is not supported
>  - Expected Ptr<cv::UMat> for argument 'src'
"
ra933d303t.TIF,Nikon_D7000,480.0,270.0,1.778,155.71,181.459,44.017,-1.987,3.11,4.416,0.04,251.251,220.27,170.68,135.09,
ra933d303t_mask.PNG,Nikon_D7000,,,,,,,,,,,,,,,"OpenCV(4.11.0) :-1: error: (-5:Bad argument) in function 'cvtColor'
> Overload resolution failed:
>  - src data type = bool is not supported
>  - Expected Ptr<cv::UMat> for argument 'src'
"
rb79056e7t.TIF,Nikon_D7000,480.0,270.0,1.778,199.91,141.495,49.902,-1.235,0.311,4.562,0.09,918.146,141.36,144.18,128.1,
rb79056e7t_mask.PNG,Nikon_D7000,,,,,,,,,,,,,,,"OpenCV(4.11.0) :-1: error: (-5:Bad argument) in function 'cvtColor'
> Overload resolution failed:
>  - src data type = bool is not supported
>  - Expected Ptr<cv::UMat> for argument 'src'
"
r0428df0ct.TIF,Nikon_D90,480.0,270.0,1.778,253.52,159.237,58.338,-0.16,-1.044,5.287,0.1,904.002,168.73,158.08,140.28,
r0428df0ct_mask.PNG,Nikon_D90,,,,,,,,,,,,,,,"OpenCV(4.11.0) :-1: error: (-5:Bad argument) in function 'cvtColor'
> Overload resolution failed:
>  - src data type = bool is not supported
>  - Expected Ptr<cv::UMat> for argument 'src'
"
r0f2e6baft.TIF,Nikon_D90,480.0,270.0,1.778,223.29,158.536,39.343,-1.004,1.127,4.973,0.047,331.964,170.72,155.33,143.04,
r0f2e6baft_mask.PNG,Nikon_D90,,,,,,,,,,,,,,,"OpenCV(4.11.0) :-1: error: (-5:Bad argument) in function 'cvtColor'
> Overload resolution failed:
>  - src data type = bool is not supported
>  - Expected Ptr<cv::UMat> for argument 'src'
"
r1be2a3d5t.TIF,Nikon_D90,480.0,270.0,1.778,245.71,151.865,50.662,-1.171,0.254,4.744,0.09,1070.88,162.46,154.09,112.58,
r1be2a3d5t_mask.PNG,Nikon_D90,,,,,,,,,,,,,,,"OpenCV(4.11.0) :-1: error: (-5:Bad argument) in function 'cvtColor'
> Overload resolution failed:
>  - src data type = bool is not supported
>  - Expected Ptr<cv::UMat> for argument 'src'
"
r1f23f4ddt.TIF,Nikon_D90,480.0,270.0,1.778,267.22,147.44,33.801,-1.025,0.915,4.769,0.132,814.685,160.28,147.9,111.38,
r1f23f4ddt_mask.PNG,Nikon_D90,,,,,,,,,,,,,,,"OpenCV(4.11.0) :-1: error: (-5:Bad argument) in function 'cvtColor'
> Overload resolution failed:
>  - src data type = bool is not supported
>  - Expected Ptr<cv::UMat> for argument 'src'
"
r233ca958t.TIF,Nikon_D90,480.0,270.0,1.778,277.61,128.139,51.032,-0.306,-0.775,5.26,0.229,1279.935,131.7,129.29,112.9,
r233ca958t_mask.PNG,Nikon_D90,,,,,,,,,,,,,,,"OpenCV(4.11.0) :-1: error: (-5:Bad argument) in function 'cvtColor'
> Overload resolution failed:
>  - src data type = bool is not supported
>  - Expected Ptr<cv::UMat> for argument 'src'
"
r280500d8t.TIF,Nikon_D90,480.0,270.0,1.778,161.91,173.639,43.102,-1.558,1.599,4.583,0.056,644.502,177.44,173.24,165.8,
r280500d8t_mask.PNG,Nikon_D90,,,,,,,,,,,,,,,"OpenCV(4.11.0) :-1: error: (-5:Bad argument) in function 'cvtColor'
> Overload resolution failed:
>  - src data type = bool is not supported
>  - Expected Ptr<cv::UMat> for argument 'src'
"
r2c07a32bt.TIF,Nikon_D90,480.0,270.0,1.778,296.11,160.02,67.318,-0.273,-1.186,5.341,0.179,2007.982,162.34,162.65,140.47,
r2c07a32bt_mask.PNG,Nikon_D90,,,,,,,,,,,,,,,"OpenCV(4.11.0) :-1: error: (-5:Bad argument) in function 'cvtColor'
> Overload resolution failed:
>  - src data type = bool is not supported
>  - Expected Ptr<cv::UMat> for argument 'src'
"
r2eb3894ft.TIF,Nikon_D90,480.0,270.0,1.778,173.06,203.602,34.635,-1.84,4.665,4.576,0.036,269.115,226.11,194.14,193.4,
r2eb3894ft_mask.PNG,Nikon_D90,,,,,,,,,,,,,,,"OpenCV(4.11.0) :-1: error: (-5:Bad argument) in function 'cvtColor'
> Overload resolution failed:
>  - src data type = bool is not supported
>  - Expected Ptr<cv::UMat> for argument 'src'
"
r4156671ct.TIF,Nikon_D90,480.0,270.0,1.778,208.99,136.745,47.413,-0.727,-0.217,5.078,0.087,756.323,127.53,139.33,147.57,
r4156671ct_mask.PNG,Nikon_D90,,,,,,,,,,,,,,,"OpenCV(4.11.0) :-1: error: (-5:Bad argument) in function 'cvtColor'
> Overload resolution failed:
>  - src data type = bool is not supported
>  - Expected Ptr<cv::UMat> for argument 'src'
"
r51ad899dt.TIF,Nikon_D90,480.0,270.0,1.778,205.32,156.411,61.744,-1.073,-0.102,5.001,0.087,1022.885,150.67,161.85,143.44,
r51ad899dt_mask.PNG,Nikon_D90,,,,,,,,,,,,,,,"OpenCV(4.11.0) :-1: error: (-5:Bad argument) in function 'cvtColor'
> Overload resolution failed:
>  - src data type = bool is not supported
>  - Expected Ptr<cv::UMat> for argument 'src'
"
r5681fb1ct.TIF,Nikon_D90,480.0,270.0,1.778,229.92,146.596,46.335,-0.32,-0.111,4.917,0.113,935.468,144.31,147.71,146.9,
r5681fb1ct_mask.PNG,Nikon_D90,,,,,,,,,,,,,,,"OpenCV(4.11.0) :-1: error: (-5:Bad argument) in function 'cvtColor'
> Overload resolution failed:
>  - src data type = bool is not supported
>  - Expected Ptr<cv::UMat> for argument 'src'
"
r5e07d7b3t.TIF,Nikon_D90,480.0,270.0,1.778,267.95,118.319,31.463,-0.368,1.377,4.806,0.084,605.19,138.41,115.41,80.62,
r5e07d7b3t_mask.PNG,Nikon_D90,,,,,,,,,,,,,,,"OpenCV(4.11.0) :-1: error: (-5:Bad argument) in function 'cvtColor'
> Overload resolution failed:
>  - src data type = bool is not supported
>  - Expected Ptr<cv::UMat> for argument 'src'
"
r6a6811f1t.TIF,Nikon_D90,480.0,270.0,1.778,234.8,145.847,30.007,-2.283,4.413,3.883,0.031,336.201,140.44,169.04,40.54,
r6a6811f1t_mask.PNG,Nikon_D90,,,,,,,,,,,,,,,"OpenCV(4.11.0) :-1: error: (-5:Bad argument) in function 'cvtColor'
> Overload resolution failed:
>  - src data type = bool is not supported
>  - Expected Ptr<cv::UMat> for argument 'src'
"
r73eca048t.TIF,Nikon_D90,480.0,270.0,1.778,310.6,106.016,46.131,0.36,-0.772,5.142,0.184,1596.508,105.05,108.49,95.78,
r73eca048t_mask.PNG,Nikon_D90,,,,,,,,,,,,,,,"OpenCV(4.11.0) :-1: error: (-5:Bad argument) in function 'cvtColor'
> Overload resolution failed:
>  - src data type = bool is not supported
>  - Expected Ptr<cv::UMat> for argument 'src'
"
r7710a7fat.TIF,Nikon_D90,480.0,270.0,1.778,324.42,127.803,32.528,-0.192,-1.019,4.797,0.207,1256.98,161.61,120.66,75.93,
r7710a7fat_mask.PNG,Nikon_D90,,,,,,,,,,,,,,,"OpenCV(4.11.0) :-1: error: (-5:Bad argument) in function 'cvtColor'
> Overload resolution failed:
>  - src data type = bool is not supported
>  - Expected Ptr<cv::UMat> for argument 'src'
"
r9683df80t.TIF,Nikon_D90,480.0,270.0,1.778,162.79,144.802,82.489,-0.674,-1.249,4.996,0.061,862.079,134.13,152.48,133.31,
r9683df80t_mask.PNG,Nikon_D90,,,,,,,,,,,,,,,"OpenCV(4.11.0) :-1: error: (-5:Bad argument) in function 'cvtColor'
> Overload resolution failed:
>  - src data type = bool is not supported
>  - Expected Ptr<cv::UMat> for argument 'src'
"
r9c95ce63t.TIF,Nikon_D90,480.0,270.0,1.778,251.47,142.251,34.087,-1.433,2.363,4.457,0.088,750.552,130.76,160.64,77.68,
r9c95ce63t_mask.PNG,Nikon_D90,,,,,,,,,,,,,,,"OpenCV(4.11.0) :-1: error: (-5:Bad argument) in function 'cvtColor'
> Overload resolution failed:
>  - src data type = bool is not supported
>  - Expected Ptr<cv::UMat> for argument 'src'
"
r9ebe97bct.TIF,Nikon_D90,480.0,270.0,1.778,328.31,169.45,47.964,-0.745,0.766,5.073,0.187,1744.409,177.18,168.69,153.04,
r9ebe97bct_mask.PNG,Nikon_D90,,,,,,,,,,,,,,,"OpenCV(4.11.0) :-1: error: (-5:Bad argument) in function 'cvtColor'
> Overload resolution failed:
>  - src data type = bool is not supported
>  - Expected Ptr<cv::UMat> for argument 'src'
"
ra612bf10t.TIF,Nikon_D90,480.0,270.0,1.778,267.77,118.529,73.198,0.336,-1.18,5.355,0.136,2247.214,120.33,118.8,112.41,
ra612bf10t_mask.PNG,Nikon_D90,,,,,,,,,,,,,,,"OpenCV(4.11.0) :-1: error: (-5:Bad argument) in function 'cvtColor'
> Overload resolution failed:
>  - src data type = bool is not supported
>  - Expected Ptr<cv::UMat> for argument 'src'
"
rb4593e2bt.TIF,Nikon_D90,480.0,270.0,1.778,271.09,89.177,46.557,0.404,-0.636,5.161,0.131,1607.549,91.28,89.52,81.88,
rb4593e2bt_mask.PNG,Nikon_D90,,,,,,,,,,,,,,,"OpenCV(4.11.0) :-1: error: (-5:Bad argument) in function 'cvtColor'
> Overload resolution failed:
>  - src data type = bool is not supported
>  - Expected Ptr<cv::UMat> for argument 'src'
"
rbc87504ct.TIF,Nikon_D90,480.0,270.0,1.778,271.64,165.226,41.289,-1.244,1.572,4.817,0.14,1701.564,175.84,164.23,142.54,
rbc87504ct_mask.PNG,Nikon_D90,,,,,,,,,,,,,,,"OpenCV(4.11.0) :-1: error: (-5:Bad argument) in function 'cvtColor'
> Overload resolution failed:
>  - src data type = bool is not supported
>  - Expected Ptr<cv::UMat> for argument 'src'
"
rc464e4act.TIF,Nikon_D90,480.0,270.0,1.778,221.41,89.472,36.719,0.351,-0.417,4.904,0.073,405.435,93.79,88.64,82.41,
rc464e4act_mask.PNG,Nikon_D90,,,,,,,,,,,,,,,"OpenCV(4.11.0) :-1: error: (-5:Bad argument) in function 'cvtColor'
> Overload resolution failed:
>  - src data type = bool is not supported
>  - Expected Ptr<cv::UMat> for argument 'src'
"
rc526e111t.TIF,Nikon_D90,480.0,270.0,1.778,201.65,81.282,34.448,1.157,1.901,4.67,0.026,106.567,119.37,70.93,34.67,
rc526e111t_mask.PNG,Nikon_D90,,,,,,,,,,,,,,,"OpenCV(4.11.0) :-1: error: (-5:Bad argument) in function 'cvtColor'
> Overload resolution failed:
>  - src data type = bool is not supported
>  - Expected Ptr<cv::UMat> for argument 'src'
"
rcf8e62abt.TIF,Nikon_D90,480.0,270.0,1.778,175.33,166.257,31.929,-0.846,0.266,4.543,0.054,343.372,158.43,169.55,169.86,
rcf8e62abt_mask.PNG,Nikon_D90,,,,,,,,,,,,,,,"OpenCV(4.11.0) :-1: error: (-5:Bad argument) in function 'cvtColor'
> Overload resolution failed:
>  - src data type = bool is not supported
>  - Expected Ptr<cv::UMat> for argument 'src'
"
rd3534b7ct.TIF,Nikon_D90,480.0,270.0,1.778,305.65,131.224,33.783,-0.189,0.597,4.88,0.198,1308.998,140.9,130.86,107.72,
rd3534b7ct_mask.PNG,Nikon_D90,,,,,,,,,,,,,,,"OpenCV(4.11.0) :-1: error: (-5:Bad argument) in function 'cvtColor'
> Overload resolution failed:
>  - src data type = bool is not supported
>  - Expected Ptr<cv::UMat> for argument 'src'
"
rdc96595et.TIF,Nikon_D90,480.0,270.0,1.778,200.59,128.692,58.27,-0.079,-1.742,4.821,0.046,355.323,115.7,134.62,132.28,
rdc96595et_mask.PNG,Nikon_D90,,,,,,,,,,,,,,,"OpenCV(4.11.0) :-1: error: (-5:Bad argument) in function 'cvtColor'
> Overload resolution failed:
>  - src data type = bool is not supported
>  - Expected Ptr<cv::UMat> for argument 'src'
"
rdff42cect.TIF,Nikon_D90,480.0,270.0,1.778,257.56,121.268,33.453,-1.042,0.372,4.68,0.081,511.793,151.25,115.78,70.91,
rdff42cect_mask.PNG,Nikon_D90,,,,,,,,,,,,,,,"OpenCV(4.11.0) :-1: error: (-5:Bad argument) in function 'cvtColor'
> Overload resolution failed:
>  - src data type = bool is not supported
>  - Expected Ptr<cv::UMat> for argument 'src'
"
re9006ea8t.TIF,Nikon_D90,480.0,270.0,1.778,209.58,152.21,20.618,-1.909,8.5,3.985,0.043,374.812,158.82,151.05,140.88,
re9006ea8t_mask.PNG,Nikon_D90,,,,,,,,,,,,,,,"OpenCV(4.11.0) :-1: error: (-5:Bad argument) in function 'cvtColor'
> Overload resolution failed:
>  - src data type = bool is not supported
>  - Expected Ptr<cv::UMat> for argument 'src'
"
re9a83ac0t.TIF,Nikon_D90,480.0,270.0,1.778,240.7,161.965,35.781,0.093,-0.206,4.388,0.078,671.243,156.4,163.24,169.97,
re9a83ac0t_mask.PNG,Nikon_D90,,,,,,,,,,,,,,,"OpenCV(4.11.0) :-1: error: (-5:Bad argument) in function 'cvtColor'
> Overload resolution failed:
>  - src data type = bool is not supported
>  - Expected Ptr<cv::UMat> for argument 'src'
"
rf40488a1t.TIF,Nikon_D90,480.0,270.0,1.778,263.62,142.46,33.087,-1.002,0.87,4.658,0.174,1731.217,144.92,144.09,127.68,
rf40488a1t_mask.PNG,Nikon_D90,,,,,,,,,,,,,,,"OpenCV(4.11.0) :-1: error: (-5:Bad argument) in function 'cvtColor'
> Overload resolution failed:
>  - src data type = bool is not supported
>  - Expected Ptr<cv::UMat> for argument 'src'
"
rfd2f8d05t.TIF,Nikon_D90,480.0,270.0,1.778,268.47,112.074,52.806,0.205,-0.349,5.122,0.099,876.181,115.24,110.91,109.8,
rfd2f8d05t_mask.PNG,Nikon_D90,,,,,,,,,,,,,,,"OpenCV(4.11.0) :-1: error: (-5:Bad argument) in function 'cvtColor'
> Overload resolution failed:
>  - src data type = bool is not supported
>  - Expected Ptr<cv::UMat> for argument 'src'
"
DSC05635.TIF,Sony_A57,480.0,270.0,1.778,278.36,71.599,31.72,0.667,0.533,4.817,0.091,345.267,74.12,72.12,62.3,
DSC05635_mask.PNG,Sony_A57,,,,,,,,,,,,,,,"OpenCV(4.11.0) :-1: error: (-5:Bad argument) in function 'cvtColor'
> Overload resolution failed:
>  - src data type = bool is not supported
>  - Expected Ptr<cv::UMat> for argument 'src'
"
DSC05638.TIF,Sony_A57,480.0,270.0,1.778,297.71,204.683,39.841,-1.176,0.596,4.725,0.088,881.925,205.57,205.07,200.34,
DSC05638_mask.PNG,Sony_A57,,,,,,,,,,,,,,,"OpenCV(4.11.0) :-1: error: (-5:Bad argument) in function 'cvtColor'
> Overload resolution failed:
>  - src data type = bool is not supported
>  - Expected Ptr<cv::UMat> for argument 'src'
"
DSC05646.TIF,Sony_A57,480.0,270.0,1.778,261.56,126.334,48.709,0.76,0.377,5.154,0.133,505.033,125.97,127.73,120.08,
DSC05646_mask.PNG,Sony_A57,,,,,,,,,,,,,,,"OpenCV(4.11.0) :-1: error: (-5:Bad argument) in function 'cvtColor'
> Overload resolution failed:
>  - src data type = bool is not supported
>  - Expected Ptr<cv::UMat> for argument 'src'
"
DSC05684.TIF,Sony_A57,480.0,270.0,1.778,226.98,90.712,53.179,0.384,-1.371,4.904,0.053,221.103,93.65,90.79,82.54,
DSC05684_mask.PNG,Sony_A57,,,,,,,,,,,,,,,"OpenCV(4.11.0) :-1: error: (-5:Bad argument) in function 'cvtColor'
> Overload resolution failed:
>  - src data type = bool is not supported
>  - Expected Ptr<cv::UMat> for argument 'src'
"
DSC05748.TIF,Sony_A57,480.0,270.0,1.778,219.97,176.565,23.042,-0.665,0.733,4.377,0.069,292.933,161.92,179.83,198.2,
DSC05748_mask.PNG,Sony_A57,,,,,,,,,,,,,,,"OpenCV(4.11.0) :-1: error: (-5:Bad argument) in function 'cvtColor'
> Overload resolution failed:
>  - src data type = bool is not supported
>  - Expected Ptr<cv::UMat> for argument 'src'
"
DSC05787.TIF,Sony_A57,480.0,270.0,1.778,182.06,175.67,19.806,-0.194,1.529,4.228,0.026,112.924,158.74,180.54,195.02,
DSC05787_mask.PNG,Sony_A57,,,,,,,,,,,,,,,"OpenCV(4.11.0) :-1: error: (-5:Bad argument) in function 'cvtColor'
> Overload resolution failed:
>  - src data type = bool is not supported
>  - Expected Ptr<cv::UMat> for argument 'src'
"
DSC05810.TIF,Sony_A57,480.0,270.0,1.778,278.02,84.268,59.71,0.718,-0.638,5.193,0.091,355.36,85.69,85.17,75.89,
DSC05810_mask.PNG,Sony_A57,,,,,,,,,,,,,,,"OpenCV(4.11.0) :-1: error: (-5:Bad argument) in function 'cvtColor'
> Overload resolution failed:
>  - src data type = bool is not supported
>  - Expected Ptr<cv::UMat> for argument 'src'
"
DSC05822.TIF,Sony_A57,480.0,270.0,1.778,171.42,219.486,38.639,-2.161,3.739,4.007,0.009,61.162,213.77,223.0,216.42,
DSC05822_mask.PNG,Sony_A57,,,,,,,,,,,,,,,"OpenCV(4.11.0) :-1: error: (-5:Bad argument) in function 'cvtColor'
> Overload resolution failed:
>  - src data type = bool is not supported
>  - Expected Ptr<cv::UMat> for argument 'src'
"
DSC05858.TIF,Sony_A57,480.0,270.0,1.778,276.88,131.079,70.815,-0.15,-1.634,5.12,0.118,1804.128,127.55,134.16,124.45,
DSC05858_mask.PNG,Sony_A57,,,,,,,,,,,,,,,"OpenCV(4.11.0) :-1: error: (-5:Bad argument) in function 'cvtColor'
> Overload resolution failed:
>  - src data type = bool is not supported
>  - Expected Ptr<cv::UMat> for argument 'src'
"
DSC05865.TIF,Sony_A57,480.0,270.0,1.778,236.83,130.158,26.955,0.603,1.073,4.34,0.061,278.081,128.72,137.56,95.84,
DSC05865_mask.PNG,Sony_A57,,,,,,,,,,,,,,,"OpenCV(4.11.0) :-1: error: (-5:Bad argument) in function 'cvtColor'
> Overload resolution failed:
>  - src data type = bool is not supported
>  - Expected Ptr<cv::UMat> for argument 'src'
"
DSC05887.TIF,Sony_A57,480.0,270.0,1.778,202.58,150.866,55.982,-0.471,-1.075,5.017,0.031,114.372,148.7,152.28,149.25,
DSC05887_mask.PNG,Sony_A57,,,,,,,,,,,,,,,"OpenCV(4.11.0) :-1: error: (-5:Bad argument) in function 'cvtColor'
> Overload resolution failed:
>  - src data type = bool is not supported
>  - Expected Ptr<cv::UMat> for argument 'src'
"
DSC05903.TIF,Sony_A57,480.0,270.0,1.778,227.62,155.18,49.1,-0.229,-0.273,5.257,0.06,150.97,157.11,155.09,150.6,
DSC05903_mask.PNG,Sony_A57,,,,,,,,,,,,,,,"OpenCV(4.11.0) :-1: error: (-5:Bad argument) in function 'cvtColor'
> Overload resolution failed:
>  - src data type = bool is not supported
>  - Expected Ptr<cv::UMat> for argument 'src'
"
DSC05962.TIF,Sony_A57,480.0,270.0,1.778,282.55,90.274,47.358,0.813,-0.089,5.095,0.112,486.203,102.24,87.3,74.15,
DSC05962_mask.PNG,Sony_A57,,,,,,,,,,,,,,,"OpenCV(4.11.0) :-1: error: (-5:Bad argument) in function 'cvtColor'
> Overload resolution failed:
>  - src data type = bool is not supported
>  - Expected Ptr<cv::UMat> for argument 'src'
"
DSC05966.TIF,Sony_A57,480.0,270.0,1.778,219.73,99.155,54.95,0.491,-0.651,5.088,0.072,378.746,105.58,97.61,90.28,
DSC05966_mask.PNG,Sony_A57,,,,,,,,,,,,,,,"OpenCV(4.11.0) :-1: error: (-5:Bad argument) in function 'cvtColor'
> Overload resolution failed:
>  - src data type = bool is not supported
>  - Expected Ptr<cv::UMat> for argument 'src'
"
DSC06005.TIF,Sony_A57,480.0,270.0,1.778,267.14,76.063,55.738,1.246,0.536,5.027,0.071,299.941,77.31,78.31,61.22,
DSC06005_mask.PNG,Sony_A57,,,,,,,,,,,,,,,"OpenCV(4.11.0) :-1: error: (-5:Bad argument) in function 'cvtColor'
> Overload resolution failed:
>  - src data type = bool is not supported
>  - Expected Ptr<cv::UMat> for argument 'src'
"
DSC06028.TIF,Sony_A57,480.0,270.0,1.778,241.83,117.801,38.774,-0.812,-0.339,4.672,0.051,379.253,111.8,120.94,117.35,
DSC06028_mask.PNG,Sony_A57,,,,,,,,,,,,,,,"OpenCV(4.11.0) :-1: error: (-5:Bad argument) in function 'cvtColor'
> Overload resolution failed:
>  - src data type = bool is not supported
>  - Expected Ptr<cv::UMat> for argument 'src'
"
DSC06060.TIF,Sony_A57,480.0,270.0,1.778,211.66,103.418,26.954,0.539,0.814,4.619,0.04,225.18,100.98,104.76,102.89,
DSC06060_mask.PNG,Sony_A57,,,,,,,,,,,,,,,"OpenCV(4.11.0) :-1: error: (-5:Bad argument) in function 'cvtColor'
> Overload resolution failed:
>  - src data type = bool is not supported
>  - Expected Ptr<cv::UMat> for argument 'src'
"
DSC06079.TIF,Sony_A57,480.0,270.0,1.778,193.7,100.33,39.689,0.467,-1.075,4.853,0.02,135.15,95.25,102.4,103.04,
DSC06079_mask.PNG,Sony_A57,,,,,,,,,,,,,,,"OpenCV(4.11.0) :-1: error: (-5:Bad argument) in function 'cvtColor'
> Overload resolution failed:
>  - src data type = bool is not supported
>  - Expected Ptr<cv::UMat> for argument 'src'
"
DSC06083.TIF,Sony_A57,480.0,270.0,1.778,172.54,97.281,46.222,0.406,-1.241,4.949,0.013,78.505,93.93,98.71,98.82,
DSC06083_mask.PNG,Sony_A57,,,,,,,,,,,,,,,"OpenCV(4.11.0) :-1: error: (-5:Bad argument) in function 'cvtColor'
> Overload resolution failed:
>  - src data type = bool is not supported
>  - Expected Ptr<cv::UMat> for argument 'src'
"
DSC06155.TIF,Sony_A57,480.0,270.0,1.778,246.49,119.827,60.202,0.322,-1.433,5.014,0.083,392.644,117.55,121.38,117.73,
DSC06155_mask.PNG,Sony_A57,,,,,,,,,,,,,,,"OpenCV(4.11.0) :-1: error: (-5:Bad argument) in function 'cvtColor'
> Overload resolution failed:
>  - src data type = bool is not supported
>  - Expected Ptr<cv::UMat> for argument 'src'
"
DSC06160.TIF,Sony_A57,480.0,270.0,1.778,159.87,170.246,55.664,-0.837,-0.53,4.974,0.015,88.662,165.4,171.46,176.65,
DSC06160_mask.PNG,Sony_A57,,,,,,,,,,,,,,,"OpenCV(4.11.0) :-1: error: (-5:Bad argument) in function 'cvtColor'
> Overload resolution failed:
>  - src data type = bool is not supported
>  - Expected Ptr<cv::UMat> for argument 'src'
"
DSC06205.TIF,Sony_A57,480.0,270.0,1.778,259.85,55.235,38.705,0.983,0.658,4.822,0.082,543.808,57.17,55.17,50.38,
DSC06205_mask.PNG,Sony_A57,,,,,,,,,,,,,,,"OpenCV(4.11.0) :-1: error: (-5:Bad argument) in function 'cvtColor'
> Overload resolution failed:
>  - src data type = bool is not supported
>  - Expected Ptr<cv::UMat> for argument 'src'
"
DSC06212.TIF,Sony_A57,480.0,270.0,1.778,280.65,75.069,43.587,0.466,-0.715,5.02,0.088,503.674,77.07,75.19,69.17,
DSC06212_mask.PNG,Sony_A57,,,,,,,,,,,,,,,"OpenCV(4.11.0) :-1: error: (-5:Bad argument) in function 'cvtColor'
> Overload resolution failed:
>  - src data type = bool is not supported
>  - Expected Ptr<cv::UMat> for argument 'src'
"
DSC06227.TIF,Sony_A57,480.0,270.0,1.778,240.68,79.525,41.96,0.442,-0.345,5.035,0.059,245.536,83.21,79.66,69.14,
DSC06227_mask.PNG,Sony_A57,,,,,,,,,,,,,,,"OpenCV(4.11.0) :-1: error: (-5:Bad argument) in function 'cvtColor'
> Overload resolution failed:
>  - src data type = bool is not supported
>  - Expected Ptr<cv::UMat> for argument 'src'
"
DSC06229.TIF,Sony_A57,480.0,270.0,1.778,247.41,80.452,52.181,1.267,0.747,4.994,0.087,304.084,86.83,78.61,73.21,
DSC06229_mask.PNG,Sony_A57,,,,,,,,,,,,,,,"OpenCV(4.11.0) :-1: error: (-5:Bad argument) in function 'cvtColor'
> Overload resolution failed:
>  - src data type = bool is not supported
>  - Expected Ptr<cv::UMat> for argument 'src'
"
DSC06240.TIF,Sony_A57,480.0,270.0,1.778,283.32,116.892,49.699,1.166,0.406,5.01,0.04,186.014,129.2,116.01,89.13,
DSC06240_mask.PNG,Sony_A57,,,,,,,,,,,,,,,"OpenCV(4.11.0) :-1: error: (-5:Bad argument) in function 'cvtColor'
> Overload resolution failed:
>  - src data type = bool is not supported
>  - Expected Ptr<cv::UMat> for argument 'src'
"
DSC06266.TIF,Sony_A57,480.0,270.0,1.778,182.68,185.043,29.58,-0.74,1.516,4.51,0.022,74.172,175.34,187.22,199.27,
DSC06266_mask.PNG,Sony_A57,,,,,,,,,,,,,,,"OpenCV(4.11.0) :-1: error: (-5:Bad argument) in function 'cvtColor'
> Overload resolution failed:
>  - src data type = bool is not supported
>  - Expected Ptr<cv::UMat> for argument 'src'
"
DSC06273.TIF,Sony_A57,480.0,270.0,1.778,247.39,136.648,14.49,0.826,1.076,3.983,0.024,142.541,109.51,141.22,184.28,
DSC06273_mask.PNG,Sony_A57,,,,,,,,,,,,,,,"OpenCV(4.11.0) :-1: error: (-5:Bad argument) in function 'cvtColor'
> Overload resolution failed:
>  - src data type = bool is not supported
>  - Expected Ptr<cv::UMat> for argument 'src'
"
DSC06296.TIF,Sony_A57,480.0,270.0,1.778,181.29,102.285,37.847,0.848,0.6,4.798,0.024,88.256,91.57,105.88,111.96,
DSC06296_mask.PNG,Sony_A57,,,,,,,,,,,,,,,"OpenCV(4.11.0) :-1: error: (-5:Bad argument) in function 'cvtColor'
> Overload resolution failed:
>  - src data type = bool is not supported
>  - Expected Ptr<cv::UMat> for argument 'src'
"
DSC06317.TIF,Sony_A57,480.0,270.0,1.778,143.58,168.72,36.075,0.05,-1.39,4.467,0.006,19.448,156.51,171.8,184.87,
DSC06317_mask.PNG,Sony_A57,,,,,,,,,,,,,,,"OpenCV(4.11.0) :-1: error: (-5:Bad argument) in function 'cvtColor'
> Overload resolution failed:
>  - src data type = bool is not supported
>  - Expected Ptr<cv::UMat> for argument 'src'
"
DSC06322.TIF,Sony_A57,480.0,270.0,1.778,149.16,152.826,19.067,-1.205,5.08,4.12,0.011,38.843,147.22,154.76,157.58,
DSC06322_mask.PNG,Sony_A57,,,,,,,,,,,,,,,"OpenCV(4.11.0) :-1: error: (-5:Bad argument) in function 'cvtColor'
> Overload resolution failed:
>  - src data type = bool is not supported
>  - Expected Ptr<cv::UMat> for argument 'src'
"
DSC06337.TIF,Sony_A57,480.0,270.0,1.778,287.01,60.73,33.622,1.402,2.577,4.715,0.114,635.792,62.09,61.14,55.04,
DSC06337_mask.PNG,Sony_A57,,,,,,,,,,,,,,,"OpenCV(4.11.0) :-1: error: (-5:Bad argument) in function 'cvtColor'
> Overload resolution failed:
>  - src data type = bool is not supported
>  - Expected Ptr<cv::UMat> for argument 'src'
"
DSC06343.TIF,Sony_A57,480.0,270.0,1.778,294.22,91.47,39.662,1.105,2.127,4.985,0.131,525.425,91.96,90.9,93.1,
DSC06343_mask.PNG,Sony_A57,,,,,,,,,,,,,,,"OpenCV(4.11.0) :-1: error: (-5:Bad argument) in function 'cvtColor'
> Overload resolution failed:
>  - src data type = bool is not supported
>  - Expected Ptr<cv::UMat> for argument 'src'
"
DSC06349.TIF,Sony_A57,480.0,270.0,1.778,222.72,72.395,28.186,0.24,0.456,4.657,0.05,185.409,75.25,72.04,66.72,
DSC06349_mask.PNG,Sony_A57,,,,,,,,,,,,,,,"OpenCV(4.11.0) :-1: error: (-5:Bad argument) in function 'cvtColor'
> Overload resolution failed:
>  - src data type = bool is not supported
>  - Expected Ptr<cv::UMat> for argument 'src'
"
DSC06389.TIF,Sony_A57,480.0,270.0,1.778,267.08,108.114,55.209,0.461,-0.434,5.279,0.104,286.229,107.76,110.09,98.86,
DSC06389_mask.PNG,Sony_A57,,,,,,,,,,,,,,,"OpenCV(4.11.0) :-1: error: (-5:Bad argument) in function 'cvtColor'
> Overload resolution failed:
>  - src data type = bool is not supported
>  - Expected Ptr<cv::UMat> for argument 'src'
"
DSC06390.TIF,Sony_A57,480.0,270.0,1.778,255.48,117.607,45.647,0.699,-0.28,5.121,0.101,319.199,115.84,120.62,106.72,
DSC06390_mask.PNG,Sony_A57,,,,,,,,,,,,,,,"OpenCV(4.11.0) :-1: error: (-5:Bad argument) in function 'cvtColor'
> Overload resolution failed:
>  - src data type = bool is not supported
>  - Expected Ptr<cv::UMat> for argument 'src'
"
DSC06771.TIF,Sony_A57,480.0,270.0,1.778,264.4,72.396,44.023,1.103,1.36,4.896,0.045,123.427,79.0,70.8,63.3,
DSC06771_mask.PNG,Sony_A57,,,,,,,,,,,,,,,"OpenCV(4.11.0) :-1: error: (-5:Bad argument) in function 'cvtColor'
> Overload resolution failed:
>  - src data type = bool is not supported
>  - Expected Ptr<cv::UMat> for argument 'src'
"
DSC07003.TIF,Sony_A57,480.0,270.0,1.778,298.42,96.993,44.961,0.867,0.111,5.007,0.126,657.125,91.14,98.56,104.29,
DSC07003_mask.PNG,Sony_A57,,,,,,,,,,,,,,,"OpenCV(4.11.0) :-1: error: (-5:Bad argument) in function 'cvtColor'
> Overload resolution failed:
>  - src data type = bool is not supported
>  - Expected Ptr<cv::UMat> for argument 'src'
"
DSC07004.TIF,Sony_A57,480.0,270.0,1.778,294.3,96.283,42.869,0.429,-0.376,5.084,0.119,599.681,92.71,97.16,101.17,
DSC07004_mask.PNG,Sony_A57,,,,,,,,,,,,,,,"OpenCV(4.11.0) :-1: error: (-5:Bad argument) in function 'cvtColor'
> Overload resolution failed:
>  - src data type = bool is not supported
>  - Expected Ptr<cv::UMat> for argument 'src'
"
DSC07014.TIF,Sony_A57,480.0,270.0,1.778,232.96,34.605,26.609,1.909,2.938,3.379,0.066,176.534,20.1,34.52,73.1,
DSC07014_mask.PNG,Sony_A57,,,,,,,,,,,,,,,"OpenCV(4.11.0) :-1: error: (-5:Bad argument) in function 'cvtColor'
> Overload resolution failed:
>  - src data type = bool is not supported
>  - Expected Ptr<cv::UMat> for argument 'src'
"
DSC07125.TIF,Sony_A57,480.0,270.0,1.778,231.57,97.863,40.237,0.455,-0.274,4.879,0.02,95.402,100.37,99.39,83.43,
DSC07125_mask.PNG,Sony_A57,,,,,,,,,,,,,,,"OpenCV(4.11.0) :-1: error: (-5:Bad argument) in function 'cvtColor'
> Overload resolution failed:
>  - src data type = bool is not supported
>  - Expected Ptr<cv::UMat> for argument 'src'
"
DSC07140.TIF,Sony_A57,480.0,270.0,1.778,262.75,130.389,40.411,0.237,-1.03,4.951,0.083,355.492,122.21,133.21,137.31,
DSC07140_mask.PNG,Sony_A57,,,,,,,,,,,,,,,"OpenCV(4.11.0) :-1: error: (-5:Bad argument) in function 'cvtColor'
> Overload resolution failed:
>  - src data type = bool is not supported
>  - Expected Ptr<cv::UMat> for argument 'src'
"
DSC07193.TIF,Sony_A57,480.0,270.0,1.778,178.95,121.902,34.538,0.441,-0.983,4.739,0.0,24.068,114.39,125.53,122.88,
DSC07193_mask.PNG,Sony_A57,,,,,,,,,,,,,,,"OpenCV(4.11.0) :-1: error: (-5:Bad argument) in function 'cvtColor'
> Overload resolution failed:
>  - src data type = bool is not supported
>  - Expected Ptr<cv::UMat> for argument 'src'
"
DSC07222.TIF,Sony_A57,480.0,270.0,1.778,311.5,140.667,20.695,-0.577,1.096,4.416,0.098,423.664,124.79,159.31,86.3,
DSC07222_mask.PNG,Sony_A57,,,,,,,,,,,,,,,"OpenCV(4.11.0) :-1: error: (-5:Bad argument) in function 'cvtColor'
> Overload resolution failed:
>  - src data type = bool is not supported
>  - Expected Ptr<cv::UMat> for argument 'src'
"
DSC07311.TIF,Sony_A57,480.0,270.0,1.778,168.89,138.181,67.263,-0.197,-1.452,5.306,0.017,59.073,134.68,140.87,133.53,
DSC07311_mask.PNG,Sony_A57,,,,,,,,,,,,,,,"OpenCV(4.11.0) :-1: error: (-5:Bad argument) in function 'cvtColor'
> Overload resolution failed:
>  - src data type = bool is not supported
>  - Expected Ptr<cv::UMat> for argument 'src'
"
DSC07341.TIF,Sony_A57,480.0,270.0,1.778,202.5,116.709,58.514,0.545,-1.314,4.928,0.022,116.878,110.87,119.57,117.3,
DSC07341_mask.PNG,Sony_A57,,,,,,,,,,,,,,,"OpenCV(4.11.0) :-1: error: (-5:Bad argument) in function 'cvtColor'
> Overload resolution failed:
>  - src data type = bool is not supported
>  - Expected Ptr<cv::UMat> for argument 'src'
"
DSC07400.TIF,Sony_A57,480.0,270.0,1.778,214.12,50.265,23.216,0.566,-0.345,4.47,0.033,186.34,49.27,51.16,48.28,
DSC07400_mask.PNG,Sony_A57,,,,,,,,,,,,,,,"OpenCV(4.11.0) :-1: error: (-5:Bad argument) in function 'cvtColor'
> Overload resolution failed:
>  - src data type = bool is not supported
>  - Expected Ptr<cv::UMat> for argument 'src'
"
DSC07411.TIF,Sony_A57,480.0,270.0,1.778,285.43,106.515,43.368,0.735,0.025,4.916,0.085,481.015,97.36,110.68,109.1,
DSC07411_mask.PNG,Sony_A57,,,,,,,,,,,,,,,"OpenCV(4.11.0) :-1: error: (-5:Bad argument) in function 'cvtColor'
> Overload resolution failed:
>  - src data type = bool is not supported
>  - Expected Ptr<cv::UMat> for argument 'src'
"
DSC07443.TIF,Sony_A57,480.0,270.0,1.778,289.45,78.79,55.772,0.584,-0.814,5.151,0.128,692.111,84.59,76.7,74.3,
DSC07443_mask.PNG,Sony_A57,,,,,,,,,,,,,,,"OpenCV(4.11.0) :-1: error: (-5:Bad argument) in function 'cvtColor'
> Overload resolution failed:
>  - src data type = bool is not supported
>  - Expected Ptr<cv::UMat> for argument 'src'
"
DSC07462.TIF,Sony_A57,480.0,270.0,1.778,278.26,145.261,43.531,0.319,-1.149,4.933,0.083,419.934,139.45,151.11,130.38,
DSC07462_mask.PNG,Sony_A57,,,,,,,,,,,,,,,"OpenCV(4.11.0) :-1: error: (-5:Bad argument) in function 'cvtColor'
> Overload resolution failed:
>  - src data type = bool is not supported
>  - Expected Ptr<cv::UMat> for argument 'src'
"
DSC07463.TIF,Sony_A57,480.0,270.0,1.778,310.42,129.133,35.044,1.306,1.869,4.79,0.151,972.736,123.86,132.08,127.77,
DSC07463_mask.PNG,Sony_A57,,,,,,,,,,,,,,,"OpenCV(4.11.0) :-1: error: (-5:Bad argument) in function 'cvtColor'
> Overload resolution failed:
>  - src data type = bool is not supported
>  - Expected Ptr<cv::UMat> for argument 'src'
"
DSC07469.TIF,Sony_A57,480.0,270.0,1.778,148.21,123.226,57.314,0.271,-1.645,4.78,0.005,15.843,113.61,126.33,132.37,
DSC07469_mask.PNG,Sony_A57,,,,,,,,,,,,,,,"OpenCV(4.11.0) :-1: error: (-5:Bad argument) in function 'cvtColor'
> Overload resolution failed:
>  - src data type = bool is not supported
>  - Expected Ptr<cv::UMat> for argument 'src'
"
